id,name,gender,age,salary,city,department,join_date,experience
1,Suresh,M,40,105080,Butwal,Marketing,2016-08-20,9
2,Uday,M,34,144185,Biratnagar,Engineering,2013-06-12,12
3,Rabin,M,40,107345,Bharatpur,Finance,2019-02-22,6
4,Niranjan,M,24,136462,Butwal,HR,2019-02-06,6
5,Runa,F,31,141720,Nepalgunj,Engineering,2016-04-28,9
6,Hari,M,20,58242,Pokhara,Engineering,2012-03-10,13
7,Sita,F,23,130863,Birgunj,Engineering,2013-09-05,12
8,Loknath,M,41,162369,Bharatpur,HR,2013-12-16,12
9,Gopal,M,33,170277,Pokhara,Engineering,2011-11-29,14
10,Gauri,F,30,165495,Kathmandu,Engineering,2016-02-13,9
11,Bikram,M,29,77076,Pokhara,Finance,2011-11-03,14
12,Abha,F,34,91742,Kathmandu,Engineering,2018-12-16,7
13,Dhanmaya,F,22,186873,Pokhara,Operations,2010-07-29,15
14,Shankar,M,22,147366,Lalitpur,Engineering,2016-12-29,9
15,Sunita,F,33,89519,Pokhara,Engineering,2016-04-30,9
16,Laxman,M,44,51410,Pokhara,Sales,2013-04-25,12
17,Ganesh,M,43,81195,Kathmandu,Finance,2013-05-15,12
18,Saroj,M,44,84749,Butwal,HR,2017-10-11,8
19,Vijay,M,38,168734,Kathmandu,Sales,2012-12-29,13
20,Binay,M,34,166589,Kathmandu,HR,2016-04-15,9
21,Sushila,F,20,140280,Nepalgunj,HR,2016-02-14,9
22,Apsara,F,31,98795,Kathmandu,HR,2016-01-06,9
23,Lokesh,M,33,161745,Hetauda,Finance,2016-01-14,9
24,Dipa,F,28,163424,Kathmandu,Sales,2012-11-05,13
25,Tara,F,20,79974,Biratnagar,Engineering,2017-08-09,8
26,Geeta,F,23,155250,Dharan,Operations,2019-07-27,6
27,Dhanmaya,F,21,158948,Kathmandu,HR,2015-08-21,10
28,Sarita,F,41,148435,Bharatpur,Finance,2019-07-12,6
29,Shankar,M,29,109915,Lalitpur,Marketing,2011-12-26,14
30,Binod,M,43,132266,Kathmandu,Sales,2019-05-30,6
31,Pratima,F,33,109504,Lalitpur,Engineering,2010-09-24,15
32,Sunita,F,25,143919,Butwal,Operations,2016-07-10,9
33,Usha,F,35,115366,Lalitpur,Engineering,2013-06-16,12
34,Smriti,F,35,177875,Pokhara,Engineering,2012-08-17,13
35,Dipendra,M,35,122619,Biratnagar,Engineering,2014-01-11,11
36,Aahana,F,30,115265,Kathmandu,Engineering,2017-03-26,8
37,Rajendra,M,30,99991,Kathmandu,Finance,2011-06-02,14
38,Dawa,M,34,98019,Bharatpur,Engineering,2018-08-19,7
39,Priya,F,30,90487,Lalitpur,Engineering,2011-07-27,14
40,Mohan,M,24,95673,Kathmandu,Sales,2018-11-23,7
41,Sunita,F,21,159929,Kathmandu,Engineering,2018-09-26,7
42,Umesh,M,38,172943,Kathmandu,Operations,2014-03-10,11
43,Priya,F,32,149870,Kathmandu,Engineering,2011-06-20,14
44,Tamara,F,32,166016,Biratnagar,Finance,2018-10-23,7
45,Tekendra,M,42,124281,Kathmandu,Engineering,2017-03-18,8
46,Aahana,F,40,165098,Hetauda,Engineering,2016-06-29,9
47,Padam,M,23,125320,Kathmandu,Engineering,2016-09-26,9
48,Manisha,F,39,66892,Kathmandu,Sales,2019-08-14,6
49,Ram,M,31,68277,Kathmandu,Engineering,2017-08-11,8
50,Mina,F,29,90276,Bharatpur,Engineering,2011-10-11,14
51,Aakash,M,24,137785,Kathmandu,Finance,2017-02-22,8
52,Laxman,M,31,64270,Hetauda,Marketing,2019-11-29,6
53,Sunita,F,40,123731,Kathmandu,Marketing,2010-07-19,15
54,Jyoti,F,36,82851,Hetauda,Finance,2015-02-13,10
55,Aakash,M,31,93168,Bharatpur,Finance,2010-03-18,15
56,Tekendra,M,43,96599,Birgunj,Finance,2018-04-04,7
57,Namrata,F,27,159849,Butwal,Engineering,2014-10-09,11
58,Tekendra,M,35,118396,Pokhara,Engineering,2016-12-30,9
59,Mohana,F,42,108697,Kathmandu,Finance,2012-02-26,13
60,Sunita,F,44,54519,Biratnagar,Engineering,2018-04-03,7
61,Jitendra,M,33,108565,Butwal,Sales,2011-04-17,14
62,Kishore,M,31,66268,Kathmandu,HR,2014-01-31,11
63,Jitendra,M,22,50321,Kathmandu,Engineering,2014-11-30,11
64,Dawa,M,21,128747,Bharatpur,Engineering,2017-03-22,8
65,Keshav,M,27,128687,Pokhara,Sales,2017-01-08,8
66,Vijay,M,41,177982,Birgunj,Marketing,2012-06-09,13
67,Geeta,F,33,152826,Lalitpur,Engineering,2010-01-01,15
68,Deepak,M,27,87728,Pokhara,Engineering,2017-12-08,8
69,Mohan,M,25,139739,Nepalgunj,Operations,2011-03-27,14
70,Kishore,M,23,99927,Hetauda,Engineering,2010-07-04,15
71,Rabin,M,43,138324,Bharatpur,Engineering,2013-04-22,12
72,Sushila,F,37,55629,Pokhara,Marketing,2019-05-16,6
73,Radha,F,24,95498,Pokhara,HR,2011-07-06,14
74,Nisha,F,40,87149,Lalitpur,Engineering,2019-08-19,6
75,Prema,F,36,80702,Kathmandu,Sales,2019-01-24,6
76,Gauri,F,27,58123,Butwal,Operations,2010-05-31,15
77,Aarav,M,37,177179,Lalitpur,Marketing,2010-04-21,15
78,Sagar,M,31,155537,Dharan,Operations,2018-01-15,7
79,Binita,F,23,41496,Biratnagar,HR,2018-05-25,7
80,Namrata,F,20,121578,Biratnagar,HR,2017-05-23,8
81,Manish,M,43,89554,Kathmandu,Engineering,2013-06-30,12
82,Aahana,F,22,115334,Dharan,HR,2016-06-29,9
83,Purna,M,24,145682,Biratnagar,Sales,2011-03-23,14
84,Binita,F,37,107903,Bharatpur,Operations,2014-01-28,11
85,Gauri,F,20,76013,Bharatpur,Engineering,2013-08-20,12
86,Tekendra,M,40,71555,Birgunj,Sales,2014-04-27,11
87,Laxmi,F,35,105943,Kathmandu,Sales,2016-12-08,9
88,Radha,F,20,88273,Kathmandu,Engineering,2018-06-06,7
89,Yamuna,F,27,62695,Hetauda,Engineering,2011-03-20,14
90,Binay,M,21,39769,Kathmandu,Engineering,2019-12-22,6
91,Ganesh,M,27,180177,Butwal,Sales,2010-03-17,15
92,Kamal,M,44,95963,Dharan,Engineering,2011-03-13,14
93,Nisha,F,25,82437,Kathmandu,Engineering,2018-12-06,7
94,Binita,F,42,134094,Pokhara,Finance,2014-05-18,11
95,Pratima,F,20,129125,Kathmandu,Operations,2011-12-19,14
96,Kamala,F,37,95232,Lalitpur,Finance,2017-06-21,8
97,Maya,F,24,82447,Hetauda,Engineering,2012-04-22,13
98,Shanti,F,34,68427,Pokhara,Operations,2016-02-17,9
99,Tekendra,M,29,137437,Kathmandu,Sales,2019-12-09,6
100,Bimala,F,21,156542,Kathmandu,Sales,2017-01-15,8
101,Laxana,F,33,159206,Biratnagar,Marketing,2016-12-16,9
102,Yamuna,F,26,47790,Kathmandu,Marketing,2014-06-22,11
103,Devendra,M,38,154503,Pokhara,Engineering,2010-12-19,15
104,Usha,F,39,85673,Lalitpur,Engineering,2015-07-18,10
105,Suresh,M,40,161600,Kathmandu,HR,2012-12-02,13
106,Aarti,F,21,52156,Bharatpur,Sales,2015-04-24,10
107,Laxmi,F,31,155480,Dharan,Operations,2013-05-21,12
108,Yubaraj,M,27,142637,Biratnagar,Engineering,2013-03-31,12
109,Smriti,F,29,56085,Kathmandu,Finance,2017-04-25,8
110,Nabin,M,35,64669,Biratnagar,Engineering,2018-06-09,7
111,Lokendra,M,39,75029,Kathmandu,Sales,2012-06-26,13
112,Jaya,F,41,139985,Birgunj,HR,2017-03-28,8
113,Binod,M,44,183245,Kathmandu,Engineering,2010-08-17,15
114,Tilak,M,39,158525,Hetauda,HR,2013-04-21,12
115,Tamara,F,22,129096,Lalitpur,Operations,2017-07-13,8
116,Lokendra,M,43,50321,Biratnagar,HR,2014-07-10,11
117,Priti,F,35,74616,Kathmandu,Engineering,2018-12-12,7
118,Ganesh,M,27,116675,Pokhara,Operations,2011-08-19,14
119,Nisha,F,42,71102,Butwal,Sales,2015-12-22,10
120,Gauri,F,30,110093,Nepalgunj,Finance,2016-07-19,9
121,Binod,M,31,167683,Pokhara,Sales,2016-03-16,9
122,Smriti,F,41,128382,Hetauda,Finance,2010-09-11,15
123,Nabin,M,40,128853,Nepalgunj,Engineering,2012-12-29,13
124,Deepa,F,43,93258,Kathmandu,HR,2012-09-10,13
125,Keshav,M,32,60975,Birgunj,Finance,2014-10-22,11
126,Kamala,F,23,73040,Hetauda,Engineering,2012-07-28,13
127,Abha,F,42,61281,Nepalgunj,Marketing,2010-04-23,15
128,Sunil,M,30,175027,Lalitpur,Sales,2010-06-15,15
129,Sunita,F,20,170471,Kathmandu,Sales,2016-09-13,9
130,Aakash,M,31,168728,Hetauda,Engineering,2012-08-15,13
131,Padam,M,32,157408,Kathmandu,Sales,2011-02-16,14
132,Binita,F,35,86259,Bharatpur,Finance,2013-03-30,12
133,Padam,M,39,67821,Kathmandu,Sales,2017-03-26,8
134,Vijay,M,39,156633,Nepalgunj,Marketing,2015-05-18,10
135,Chandra,M,20,130187,Butwal,Sales,2016-09-03,9
136,Priya,F,25,65487,Butwal,Sales,2011-07-24,14
137,Namrata,F,43,43110,Kathmandu,HR,2018-02-24,7
138,Usha,F,38,101969,Biratnagar,Engineering,2015-10-11,10
139,Ram,M,32,119388,Kathmandu,Operations,2010-05-20,15
140,Dipendra,M,33,121242,Bharatpur,Sales,2015-10-30,10
141,Bimala,F,28,149627,Kathmandu,Sales,2012-04-01,13
142,Jaya,F,22,57256,Butwal,Finance,2019-04-30,6
143,Yamuna,F,20,98501,Bharatpur,Marketing,2014-06-27,11
144,Lokesh,M,28,156706,Kathmandu,Sales,2019-07-06,6
145,Pradeep,M,31,166715,Birgunj,Operations,2013-12-20,12
146,Bimala,F,22,120452,Butwal,Sales,2015-08-19,10
147,Shankar,M,27,84990,Dharan,Engineering,2014-06-21,11
148,Prakash,M,44,161612,Pokhara,Engineering,2012-10-21,13
149,Binay,M,24,162505,Kathmandu,Marketing,2012-06-08,13
150,Tara,F,33,49702,Butwal,Finance,2017-06-18,8
151,Geeta,F,43,125505,Lalitpur,Sales,2012-09-01,13
152,Sunita,F,35,62168,Hetauda,Engineering,2010-07-25,15
153,Jitendra,M,35,92065,Kathmandu,Engineering,2016-02-13,9
154,Uday,M,34,115712,Birgunj,Sales,2011-04-05,14
155,Sadhana,F,20,108552,Kathmandu,Engineering,2018-05-10,7
156,Bikash,M,44,42667,Lalitpur,Sales,2018-12-18,7
157,Laxana,F,37,125011,Bharatpur,Sales,2010-06-05,15
158,Kamal,M,26,50084,Birgunj,Engineering,2015-06-29,10
159,Binod,M,39,121513,Lalitpur,Marketing,2017-10-23,8
160,Ranjan,M,23,104467,Kathmandu,Engineering,2019-08-15,6
161,Dipendra,M,43,45678,Pokhara,Engineering,2019-05-18,6
162,Niranjan,M,44,57311,Kathmandu,Sales,2011-09-22,14
163,Bhawana,F,24,60456,Biratnagar,Operations,2016-11-16,9
164,Sita,F,22,78644,Bharatpur,Engineering,2016-12-14,9
165,Rajendra,M,27,62744,Butwal,HR,2011-10-25,14
166,Sunita,F,26,68112,Dharan,Finance,2012-10-08,13
167,Loknath,M,24,173695,Lalitpur,Finance,2014-08-16,11
168,Manish,M,29,51619,Dharan,Marketing,2014-03-19,11
169,Lokesh,M,22,73963,Kathmandu,Finance,2013-10-05,12
170,Suresh,M,25,52989,Hetauda,Engineering,2019-05-12,6
171,Kamal,M,23,61644,Hetauda,HR,2016-09-24,9
172,Binod,M,37,92397,Birgunj,Sales,2012-08-08,13
173,Ram,M,26,130503,Lalitpur,Engineering,2018-04-09,7
174,Indra,M,42,104057,Biratnagar,Operations,2017-04-25,8
175,Rajendra,M,38,130350,Bharatpur,Sales,2015-07-31,10
176,Yubaraj,M,32,128180,Hetauda,Finance,2018-09-01,7
177,Shanti,F,40,174711,Kathmandu,Sales,2013-10-14,12
178,Kishore,M,38,57562,Kathmandu,Operations,2010-10-18,15
179,Saroj,M,40,118354,Pokhara,Sales,2013-05-24,12
180,Ram,M,20,52149,Kathmandu,HR,2017-10-16,8
181,Nabin,M,44,71387,Lalitpur,Engineering,2010-03-14,15
182,Binita,F,30,115165,Kathmandu,Engineering,2014-06-20,11
183,Jyoti,F,20,153959,Kathmandu,Engineering,2017-01-12,8
184,Manish,M,39,140873,Hetauda,HR,2018-01-06,7
185,Deepak,M,29,57669,Kathmandu,Operations,2016-02-05,9
186,Kamala,F,25,93069,Butwal,Finance,2017-02-27,8
187,Ganesh,M,36,121071,Biratnagar,Sales,2016-01-20,9
188,Sagar,M,27,145569,Lalitpur,HR,2012-12-11,13
189,Pratima,F,25,131963,Kathmandu,HR,2015-03-18,10
190,Dipa,F,29,168513,Birgunj,Engineering,2012-07-02,13
191,Chhaya,F,43,98635,Hetauda,Finance,2017-07-21,8
192,Saroj,M,28,137029,Dharan,Finance,2011-12-20,14
193,Mina,F,32,133729,Biratnagar,Finance,2013-07-10,12
194,Deepa,F,29,144240,Biratnagar,Marketing,2015-01-12,10
195,Sarita,F,21,153738,Biratnagar,HR,2010-01-15,15
196,Niranjan,M,29,142975,Pokhara,Operations,2018-08-03,7
197,Deepa,F,36,139483,Nepalgunj,Finance,2014-07-18,11
198,Dipendra,M,31,80117,Hetauda,Finance,2017-03-10,8
199,Ganesh,M,40,147572,Kathmandu,HR,2018-11-09,7
200,Prakash,M,44,123588,Lalitpur,Engineering,2010-11-07,15
201,Ram,M,29,118546,Hetauda,Sales,2014-11-26,11
202,Ramesh,M,44,147621,Lalitpur,Finance,2014-09-21,11
203,Gopal,M,37,159109,Kathmandu,Engineering,2018-03-22,7
204,Jitendra,M,33,101730,Butwal,HR,2014-08-04,11
205,Tekendra,M,38,87318,Bharatpur,HR,2012-03-27,13
206,Shanti,F,38,125487,Kathmandu,Sales,2010-03-08,15
207,Nabin,M,24,87790,Biratnagar,Operations,2019-07-02,6
208,Apsara,F,38,119236,Pokhara,Finance,2010-12-14,15
209,Manisha,F,29,47308,Kathmandu,Finance,2018-08-14,7
210,Kalpana,F,39,134507,Pokhara,Engineering,2017-03-19,8
211,Runa,F,20,145355,Dharan,Marketing,2019-05-09,6
212,Nitish,M,34,108069,Pokhara,Engineering,2016-05-31,9
213,Yamuna,F,39,60931,Bharatpur,Finance,2011-06-17,14
214,Bhawana,F,20,101013,Biratnagar,Marketing,2012-09-05,13
215,Aahana,F,43,65826,Kathmandu,Sales,2013-11-16,12
216,Aakash,M,44,182942,Nepalgunj,Operations,2010-08-19,15
217,Kamal,M,21,97450,Pokhara,Engineering,2016-02-16,9
218,Ram,M,22,122678,Kathmandu,Sales,2013-06-07,12
219,Umesh,M,32,145547,Kathmandu,Sales,2010-10-29,15
220,Lokesh,M,34,134809,Kathmandu,Sales,2013-09-10,12
221,Chandra,M,43,69298,Kathmandu,HR,2018-01-14,7
222,Gita,F,32,76223,Hetauda,Marketing,2019-03-01,6
223,Ganesh,M,20,52571,Dharan,Engineering,2013-10-16,12
224,Binay,M,27,137466,Birgunj,Operations,2015-05-23,10
225,Sagar,M,36,163077,Birgunj,Sales,2012-07-26,13
226,Bikash,M,22,98561,Kathmandu,Marketing,2012-12-17,13
227,Nanda,F,37,74688,Kathmandu,HR,2014-08-17,11
228,Binay,M,40,60207,Kathmandu,Finance,2015-02-07,10
229,Rajendra,M,39,127389,Lalitpur,Engineering,2012-02-17,13
230,Kamala,F,26,155578,Kathmandu,Engineering,2019-07-01,6
231,Usha,F,37,136729,Birgunj,Sales,2015-11-01,10
232,Geeta,F,25,119450,Pokhara,Engineering,2012-11-26,13
233,Umesh,M,26,108058,Pokhara,Sales,2014-05-30,11
234,Prakash,M,29,153052,Kathmandu,HR,2014-07-25,11
235,Bimala,F,27,63766,Kathmandu,HR,2010-05-26,15
236,Kamala,F,33,82804,Hetauda,HR,2015-01-27,10
237,Manisha,F,44,97644,Dharan,Finance,2016-01-07,9
238,Yubaraj,M,24,139964,Kathmandu,Sales,2018-08-26,7
239,Jyoti,F,29,91050,Kathmandu,Operations,2011-06-27,14
240,Deepa,F,33,91231,Pokhara,HR,2019-05-17,6
241,Binay,M,40,77254,Lalitpur,HR,2019-01-02,6
242,Yubaraj,M,24,142669,Hetauda,Operations,2019-10-04,6
243,Sushila,F,41,76046,Pokhara,Engineering,2013-10-21,12
244,Mohan,M,29,43819,Bharatpur,Engineering,2019-03-29,6
245,Jitendra,M,22,179420,Bharatpur,Engineering,2010-06-22,15
246,Ranjan,M,39,129365,Pokhara,Engineering,2012-05-08,13
247,Saraswati,F,39,123611,Biratnagar,Sales,2017-03-09,8
248,Narayan,M,30,76817,Pokhara,HR,2014-06-19,11
249,Nitish,M,26,156275,Nepalgunj,Engineering,2012-03-22,13
250,Kamala,F,30,84526,Lalitpur,Engineering,2019-03-23,6
251,Indra,M,35,61225,Kathmandu,Engineering,2017-12-08,8
252,Lokesh,M,20,126302,Biratnagar,Sales,2014-01-08,11
253,Usha,F,28,70271,Biratnagar,Engineering,2012-02-16,13
254,Nisha,F,42,67436,Kathmandu,Engineering,2016-02-09,9
255,Kamala,F,30,49236,Pokhara,Sales,2017-09-23,8
256,Mina,F,20,100738,Hetauda,HR,2015-12-07,10
257,Aarav,M,22,93484,Pokhara,Engineering,2019-11-22,6
258,Mohana,F,22,84653,Birgunj,HR,2010-11-20,15
259,Binita,F,22,99755,Pokhara,Operations,2013-04-11,12
260,Nisha,F,36,77787,Butwal,Finance,2013-03-19,12
261,Nisha,F,39,161649,Pokhara,Engineering,2014-08-14,11
262,Manisha,F,41,72162,Birgunj,Finance,2016-01-15,9
263,Bimala,F,21,136844,Butwal,Finance,2012-11-06,13
264,Jaya,F,34,134043,Butwal,Engineering,2013-02-15,12
265,Padam,M,34,115678,Pokhara,Engineering,2010-01-04,15
266,Tara,F,31,166778,Pokhara,Operations,2016-09-30,9
267,Pradeep,M,24,133191,Pokhara,Sales,2019-02-03,6
268,Bikram,M,30,64777,Birgunj,Operations,2017-10-31,8
269,Asha,F,40,137616,Kathmandu,Sales,2013-11-17,12
270,Prakash,M,37,153527,Bharatpur,Operations,2019-05-23,6
271,Nitish,M,31,81553,Lalitpur,Operations,2018-02-23,7
272,Pratima,F,44,86444,Lalitpur,Sales,2012-04-07,13
273,Smriti,F,37,135093,Kathmandu,Engineering,2011-04-15,14
274,Chhaya,F,31,76899,Kathmandu,Sales,2017-02-17,8
275,Saraswati,F,23,134622,Lalitpur,Finance,2015-06-01,10
276,Rabin,M,35,93133,Kathmandu,Sales,2015-06-19,10
277,Rabin,M,28,128128,Bharatpur,Finance,2013-04-15,12
278,Nirmala,F,41,75257,Kathmandu,Finance,2013-02-21,12
279,Nabin,M,35,81324,Hetauda,Operations,2012-01-21,13
280,Vijay,M,42,172177,Pokhara,Engineering,2010-01-27,15
281,Narayan,M,23,65859,Lalitpur,Finance,2010-03-17,15
282,Namrata,F,21,86580,Dharan,Finance,2018-01-23,7
283,Dipa,F,37,159860,Hetauda,Finance,2014-07-31,11
284,Namrata,F,38,116541,Kathmandu,Sales,2017-10-02,8
285,Sadhana,F,26,82214,Kathmandu,Engineering,2012-08-08,13
286,Kishore,M,38,102166,Birgunj,Marketing,2011-09-01,14
287,Purna,M,20,132778,Kathmandu,Sales,2015-01-18,10
288,Vijay,M,36,158504,Lalitpur,Operations,2014-03-09,11
289,Mohan,M,34,162391,Pokhara,HR,2015-02-27,10
290,Loknath,M,32,107093,Hetauda,Sales,2016-02-09,9
291,Tara,F,39,136668,Kathmandu,Engineering,2014-10-09,11
292,Kamal,M,21,67899,Kathmandu,Sales,2018-03-15,7
293,Purna,M,42,76525,Kathmandu,Engineering,2010-08-01,15
294,Nabin,M,22,47176,Pokhara,Sales,2017-11-28,8
295,Binay,M,40,82519,Kathmandu,Finance,2015-11-24,10
296,Priya,F,38,77920,Bharatpur,HR,2017-08-04,8
297,Chandra,M,32,65331,Pokhara,HR,2013-02-11,12
298,Kamala,F,33,157028,Bharatpur,Operations,2010-10-11,15
299,Sunil,M,26,67278,Dharan,Marketing,2017-03-24,8
300,Prema,F,23,79787,Dharan,Engineering,2012-07-21,13
301,Deepa,F,44,70297,Pokhara,Operations,2019-05-03,6
302,Chhaya,F,38,120454,Kathmandu,Sales,2013-10-29,12
303,Ramesh,M,38,146999,Lalitpur,Sales,2011-07-08,14
304,Geeta,F,36,122460,Bharatpur,Operations,2018-03-03,7
305,Devendra,M,37,64134,Kathmandu,Engineering,2010-09-22,15
306,Namrata,F,44,43426,Birgunj,HR,2016-11-25,9
307,Deepak,M,24,81841,Kathmandu,Engineering,2014-03-29,11
308,Shankar,M,30,166317,Hetauda,Finance,2016-09-19,9
309,Tamara,F,35,114018,Kathmandu,HR,2016-11-30,9
310,Deepak,M,43,123630,Pokhara,Marketing,2012-06-05,13
311,Deepa,F,22,130058,Hetauda,Marketing,2019-06-29,6
312,Sushila,F,33,161544,Lalitpur,Finance,2010-10-05,15
313,Saraswati,F,22,166029,Lalitpur,Finance,2011-07-11,14
314,Jitendra,M,27,88459,Biratnagar,Engineering,2012-02-08,13
315,Usha,F,27,152896,Lalitpur,Engineering,2016-12-25,9
316,Manish,M,43,178188,Kathmandu,Sales,2011-10-06,14
317,Pradeep,M,26,59738,Kathmandu,Marketing,2011-09-10,14
318,Suresh,M,43,103978,Kathmandu,HR,2015-12-29,10
319,Maya,F,24,76372,Bharatpur,Engineering,2013-02-15,12
320,Binay,M,38,76089,Kathmandu,Engineering,2019-06-05,6
321,Aahana,F,28,109694,Biratnagar,Finance,2011-10-15,14
322,Laxmi,F,21,153406,Birgunj,Sales,2018-10-12,7
323,Sadhana,F,30,137450,Pokhara,Sales,2017-09-25,8
324,Tilak,M,24,117965,Kathmandu,Finance,2014-11-03,11
325,Sagar,M,40,132199,Birgunj,HR,2015-11-21,10
326,Dawa,M,34,139178,Kathmandu,Engineering,2011-11-16,14
327,Gita,F,24,68474,Dharan,Engineering,2010-03-03,15
328,Rajendra,M,24,151822,Lalitpur,Operations,2015-06-25,10
329,Aahana,F,20,101108,Lalitpur,Marketing,2015-05-08,10
330,Bimala,F,44,64207,Hetauda,Engineering,2017-10-25,8
331,Nisha,F,42,59105,Kathmandu,Marketing,2017-01-21,8
332,Tamara,F,21,170234,Butwal,Operations,2012-08-31,13
333,Laxmi,F,24,141554,Bharatpur,Sales,2018-10-07,7
334,Sunil,M,27,61512,Bharatpur,Sales,2012-11-23,13
335,Chhaya,F,34,57487,Kathmandu,Finance,2018-09-05,7
336,Pradeep,M,28,178025,Kathmandu,Sales,2010-04-30,15
337,Laxana,F,23,97041,Nepalgunj,Finance,2013-06-24,12
338,Chandra,M,37,113090,Birgunj,Marketing,2014-10-01,11
339,Smriti,F,33,102060,Biratnagar,Operations,2011-01-26,14
340,Lokendra,M,35,121408,Kathmandu,Finance,2010-09-01,15
341,Sushila,F,31,115478,Kathmandu,Engineering,2011-04-12,14
342,Keshav,M,40,88435,Kathmandu,Operations,2012-12-12,13
343,Binita,F,29,159543,Kathmandu,Marketing,2012-09-04,13
344,Shanti,F,40,145436,Butwal,Finance,2015-06-27,10
345,Devendra,M,37,158387,Kathmandu,Sales,2017-07-24,8
346,Purna,M,24,86969,Butwal,Finance,2015-06-08,10
347,Keshav,M,32,57138,Lalitpur,Finance,2015-04-16,10
348,Binay,M,32,69391,Dharan,HR,2016-06-13,9
349,Saraswati,F,29,84483,Lalitpur,Marketing,2015-01-22,10
350,Prakash,M,44,159189,Lalitpur,Finance,2018-11-28,7
351,Mina,F,32,159852,Kathmandu,Sales,2010-07-11,15
352,Sagar,M,31,147131,Biratnagar,Sales,2010-08-02,15
353,Jitendra,M,41,102651,Pokhara,Sales,2012-07-21,13
354,Bikram,M,40,115154,Hetauda,Operations,2015-04-09,10
355,Runa,F,38,129708,Biratnagar,Sales,2017-04-03,8
356,Sagar,M,23,74314,Lalitpur,Sales,2013-10-23,12
357,Bhawana,F,40,79609,Biratnagar,Finance,2014-09-20,11
358,Bikram,M,29,114639,Kathmandu,Finance,2013-08-29,12
359,Mohana,F,22,152592,Kathmandu,Sales,2010-08-02,15
360,Priti,F,39,39552,Hetauda,Engineering,2019-02-25,6
361,Shankar,M,30,163826,Kathmandu,Operations,2015-04-28,10
362,Nanda,F,29,156944,Biratnagar,Operations,2019-01-06,6
363,Deepa,F,43,80368,Biratnagar,Sales,2011-12-01,14
364,Tamara,F,32,71785,Butwal,Engineering,2011-04-25,14
365,Runa,F,21,76330,Dharan,Operations,2018-11-13,7
366,Priya,F,31,121712,Hetauda,HR,2019-11-30,6
367,Abha,F,25,77119,Hetauda,Engineering,2017-11-22,8
368,Umesh,M,29,95285,Kathmandu,Engineering,2012-04-11,13
369,Jaya,F,29,170910,Pokhara,Sales,2015-10-25,10
370,Uday,M,33,66512,Birgunj,HR,2018-03-26,7
371,Sunita,F,35,179054,Pokhara,Sales,2011-02-24,14
372,Kamala,F,35,57468,Bharatpur,Marketing,2013-06-12,12
373,Sadhana,F,42,153141,Kathmandu,Operations,2012-06-12,13
374,Gopal,M,33,68023,Lalitpur,Sales,2012-02-17,13
375,Kamala,F,40,171750,Nepalgunj,Marketing,2013-08-02,12
376,Suresh,M,25,72394,Kathmandu,Operations,2019-10-15,6
377,Mohan,M,27,122818,Lalitpur,Sales,2012-08-06,13
378,Saroj,M,28,57435,Butwal,Engineering,2014-05-19,11
379,Devendra,M,34,170274,Pokhara,Engineering,2010-11-16,15
380,Kamala,F,25,38232,Bharatpur,Marketing,2019-10-10,6
381,Smriti,F,30,140122,Birgunj,Engineering,2011-05-10,14
382,Sunita,F,22,165824,Birgunj,Marketing,2010-05-01,15
383,Pratima,F,33,46481,Lalitpur,Sales,2018-04-07,7
384,Rajendra,M,34,157622,Kathmandu,HR,2019-03-11,6
385,Dawa,M,25,156246,Biratnagar,HR,2014-09-06,11
386,Sadhana,F,35,165467,Nepalgunj,Operations,2016-10-10,9
387,Namrata,F,22,81374,Lalitpur,Operations,2018-01-23,7
388,Manish,M,26,76471,Kathmandu,Finance,2010-06-11,15
389,Binita,F,32,110836,Pokhara,Engineering,2012-12-27,13
390,Dipa,F,40,72158,Birgunj,HR,2012-03-11,13
391,Bikram,M,22,72421,Biratnagar,Operations,2011-10-07,14
392,Dipendra,M,30,70812,Kathmandu,Finance,2019-02-02,6
393,Prema,F,28,54567,Biratnagar,HR,2012-10-21,13
394,Umesh,M,22,131595,Pokhara,Engineering,2016-06-23,9
395,Pratima,F,24,79035,Bharatpur,Operations,2016-06-16,9
396,Ganesh,M,20,112623,Nepalgunj,Engineering,2010-12-18,15
397,Rajendra,M,30,108006,Pokhara,Sales,2011-11-09,14
398,Kamal,M,28,108467,Kathmandu,Sales,2019-11-06,6
399,Bikash,M,30,131795,Nepalgunj,Engineering,2014-10-18,11
400,Loknath,M,36,170002,Kathmandu,HR,2011-09-24,14
401,Asha,F,29,69553,Pokhara,Sales,2014-05-26,11
402,Tara,F,41,138499,Lalitpur,HR,2012-03-10,13
403,Chandra,F,26,163073,Lalitpur,Sales,2012-08-16,13
404,Lokendra,M,42,131348,Kathmandu,Sales,2016-06-04,9
405,Binod,M,24,95063,Kathmandu,Sales,2015-01-28,10
406,Uday,M,27,113686,Pokhara,Marketing,2014-05-17,11
407,Bhawana,F,25,108200,Hetauda,Operations,2015-09-01,10
408,Bikram,M,24,84614,Pokhara,Sales,2014-01-13,11
409,Laxman,M,25,37704,Nepalgunj,Engineering,2019-10-19,6
410,Dipa,F,34,160987,Biratnagar,Finance,2017-06-10,8
411,Sunita,F,40,171642,Pokhara,Engineering,2013-02-02,12
412,Indra,M,22,127621,Nepalgunj,Finance,2016-12-29,9
413,Aarti,F,40,144198,Kathmandu,Finance,2012-09-02,13
414,Nitish,M,20,139626,Lalitpur,Engineering,2016-11-07,9
415,Asha,F,21,157028,Birgunj,Finance,2014-09-07,11
416,Apsara,F,25,81749,Pokhara,Sales,2011-09-24,14
417,Ramesh,M,33,162091,Biratnagar,Sales,2015-03-15,10
418,Radha,F,21,146322,Nepalgunj,Finance,2016-03-24,9
419,Shanti,F,29,162470,Butwal,Marketing,2018-07-29,7
420,Sushila,F,21,106278,Pokhara,Sales,2018-12-24,7
421,Sunita,F,26,174334,Kathmandu,Finance,2015-06-09,10
422,Shanti,F,39,90618,Pokhara,Sales,2012-01-16,13
423,Sarita,F,39,147154,Kathmandu,Marketing,2010-07-04,15
424,Binod,M,27,180618,Lalitpur,Marketing,2010-12-02,15
425,Dipendra,M,27,87213,Bharatpur,Operations,2012-04-28,13
426,Mina,F,35,85807,Pokhara,Engineering,2018-06-07,7
427,Rupa,F,39,76295,Bharatpur,HR,2013-03-05,12
428,Loknath,M,41,85058,Bharatpur,Engineering,2015-12-10,10
429,Abha,F,37,82868,Lalitpur,Engineering,2012-09-21,13
430,Purna,M,38,74638,Bharatpur,HR,2010-09-04,15
431,Gauri,F,27,146050,Kathmandu,Marketing,2019-11-29,6
432,Mina,F,39,71208,Lalitpur,HR,2015-07-28,10
433,Asha,F,39,71453,Lalitpur,Engineering,2013-05-21,12
434,Narayan,M,25,143354,Nepalgunj,Engineering,2015-09-16,10
435,Rabin,M,25,156198,Dharan,Marketing,2011-05-23,14
436,Sadhana,F,43,71284,Kathmandu,Finance,2018-05-05,7
437,Chandra,M,32,60217,Biratnagar,Marketing,2015-08-28,10
438,Pratima,F,37,164575,Hetauda,Sales,2010-01-20,15
439,Bikram,M,32,165675,Kathmandu,Operations,2015-11-19,10
440,Yamuna,F,42,88681,Kathmandu,Engineering,2012-10-15,13
441,Uttam,M,20,131749,Biratnagar,Marketing,2014-11-15,11
442,Devendra,M,27,49867,Kathmandu,Engineering,2019-07-14,6
443,Hari,M,30,70486,Biratnagar,Sales,2013-09-30,12
444,Pradeep,M,35,83275,Hetauda,Finance,2014-10-17,11
445,Dipa,F,29,109599,Butwal,HR,2019-04-18,6
446,Asha,F,33,56105,Kathmandu,Engineering,2012-12-17,13
447,Binay,M,34,62581,Bharatpur,Marketing,2013-05-09,12
448,Rupa,F,30,72640,Dharan,Engineering,2017-12-07,8
449,Padam,M,21,94934,Dharan,Engineering,2014-05-12,11
450,Binay,M,26,61489,Dharan,Engineering,2015-10-03,10
451,Nisha,F,36,178093,Hetauda,HR,2012-09-04,13
452,Gita,F,20,159114,Biratnagar,HR,2011-04-24,14
453,Nitish,M,38,151811,Nepalgunj,Engineering,2016-07-27,9
454,Gauri,F,32,62314,Nepalgunj,Finance,2017-10-19,8
455,Manish,M,30,75994,Dharan,Engineering,2016-03-30,9
456,Dawa,M,44,142786,Kathmandu,Marketing,2013-09-11,12
457,Yubaraj,M,22,92236,Biratnagar,Engineering,2010-06-09,15
458,Niranjan,M,40,139011,Dharan,Engineering,2016-08-11,9
459,Chhaya,F,33,128941,Lalitpur,HR,2016-08-03,9
460,Namrata,F,21,159339,Pokhara,Sales,2012-06-18,13
461,Priti,F,40,151931,Lalitpur,Engineering,2012-04-26,13
462,Ranjan,M,21,161683,Hetauda,Finance,2010-08-05,15
463,Kamal,M,43,116370,Biratnagar,HR,2010-04-22,15
464,Rabin,M,38,144283,Pokhara,Engineering,2012-04-09,13
465,Mina,F,35,89676,Pokhara,HR,2015-04-25,10
466,Nanda,F,38,81688,Kathmandu,Sales,2014-11-02,11
467,Padam,M,33,121557,Dharan,HR,2011-10-10,14
468,Maya,F,29,175104,Biratnagar,Sales,2012-03-29,13
469,Usha,F,35,115032,Kathmandu,HR,2018-07-31,7
470,Shanti,F,38,169124,Kathmandu,Engineering,2015-03-15,10
471,Vijay,M,41,41220,Lalitpur,Engineering,2018-06-11,7
472,Purna,M,33,74145,Pokhara,Marketing,2015-10-23,10
473,Shanti,F,43,88765,Bharatpur,Engineering,2019-08-15,6
474,Chhaya,F,34,86405,Nepalgunj,Marketing,2013-05-08,12
475,Dipendra,M,21,66723,Nepalgunj,Sales,2018-07-06,7
476,Priya,F,32,110292,Kathmandu,HR,2015-05-25,10
477,Niranjan,M,41,125432,Kathmandu,Engineering,2018-06-30,7
478,Gopal,M,41,170994,Kathmandu,Sales,2016-07-12,9
479,Sushila,F,23,61335,Kathmandu,Engineering,2010-09-03,15
480,Sagar,M,23,153612,Hetauda,Marketing,2012-06-25,13
481,Sushila,F,30,93631,Pokhara,Operations,2017-01-20,8
482,Kamala,F,43,76223,Bharatpur,HR,2019-11-17,6
483,Laxana,F,38,180851,Lalitpur,Sales,2010-02-26,15
484,Ganesh,M,44,164858,Kathmandu,Engineering,2010-09-29,15
485,Ram,M,34,165560,Pokhara,Marketing,2010-10-22,15
486,Tamara,F,42,164002,Kathmandu,Finance,2010-05-16,15
487,Asha,F,23,163723,Pokhara,Finance,2012-07-20,13
488,Ganesh,M,33,161872,Birgunj,Sales,2018-02-08,7
489,Chandra,M,32,106501,Kathmandu,Engineering,2019-09-23,6
490,Uday,M,36,77251,Kathmandu,Engineering,2019-10-05,6
491,Jitendra,M,20,102952,Kathmandu,Engineering,2010-04-30,15
492,Manish,M,30,114884,Birgunj,Engineering,2010-12-13,15
493,Dhanmaya,F,34,59998,Biratnagar,Marketing,2017-02-19,8
494,Nirmala,F,29,104142,Kathmandu,Sales,2018-03-05,7
495,Pratima,F,35,153226,Pokhara,Finance,2015-12-12,10
496,Geeta,F,32,76491,Kathmandu,Operations,2010-03-22,15
497,Smriti,F,36,62022,Pokhara,Engineering,2010-10-04,15
498,Deepak,M,20,146452,Kathmandu,Sales,2011-09-18,14
499,Mina,F,29,54512,Pokhara,Operations,2016-12-28,9
500,Narayan,M,38,162395,Bharatpur,Engineering,2015-05-03,10
501,Tilak,M,22,75677,Kathmandu,Engineering,2019-07-10,6
502,Aahana,F,38,96831,Butwal,Marketing,2012-06-03,13
503,Laxana,F,44,176004,Kathmandu,Engineering,2012-11-11,13
504,Kalpana,F,21,165771,Kathmandu,HR,2014-10-13,11
505,Laxana,F,44,58267,Kathmandu,HR,2019-10-21,6
506,Loknath,M,22,61529,Birgunj,HR,2018-02-18,7
507,Sunita,F,41,140416,Kathmandu,HR,2016-05-31,9
508,Ranjan,M,41,183740,Butwal,Finance,2010-03-23,15
509,Hari,M,38,183615,Birgunj,Engineering,2011-11-16,14
510,Tilak,M,34,70320,Bharatpur,Engineering,2014-06-13,11
511,Uday,M,27,130642,Kathmandu,Engineering,2013-07-11,12
512,Loknath,M,38,147590,Nepalgunj,Sales,2014-01-05,11
513,Loknath,M,31,163747,Birgunj,Finance,2011-02-13,14
514,Gauri,F,22,169113,Kathmandu,Finance,2013-04-22,12
515,Jitendra,M,38,75436,Lalitpur,Marketing,2015-12-20,10
516,Purna,M,42,93114,Dharan,HR,2013-05-20,12
517,Sita,F,28,164347,Kathmandu,HR,2017-10-30,8
518,Yubaraj,M,22,169260,Bharatpur,Operations,2016-11-24,9
519,Pradeep,M,29,136766,Kathmandu,Sales,2014-04-08,11
520,Binod,M,28,137247,Kathmandu,Marketing,2015-04-14,10
521,Bimala,F,32,88825,Birgunj,Sales,2011-12-25,14
522,Hari,M,20,113110,Lalitpur,Engineering,2018-04-08,7
523,Deepa,F,22,79339,Kathmandu,Finance,2018-07-23,7
524,Namrata,F,30,107619,Kathmandu,HR,2012-08-21,13
525,Dipendra,M,27,47808,Pokhara,Operations,2015-11-30,10
526,Sunita,F,35,90738,Pokhara,Sales,2011-07-10,14
527,Ganesh,M,21,169276,Lalitpur,Finance,2015-10-02,10
528,Indra,M,44,126376,Kathmandu,Marketing,2012-07-19,13
529,Chandra,M,39,124795,Pokhara,Finance,2014-10-27,11
530,Uday,M,44,175299,Bharatpur,Finance,2014-08-04,11
531,Usha,F,36,69953,Biratnagar,Engineering,2019-10-27,6
532,Padam,M,24,167546,Kathmandu,Marketing,2015-04-16,10
533,Tara,F,38,64304,Bharatpur,Operations,2010-11-27,15
534,Suresh,M,39,146151,Nepalgunj,HR,2017-12-04,8
535,Ramesh,M,20,141589,Pokhara,Sales,2018-09-09,7
536,Vijay,M,44,118330,Kathmandu,Engineering,2011-02-18,14
537,Maya,F,38,73495,Bharatpur,Sales,2019-08-14,6
538,Jyoti,F,33,61964,Butwal,Sales,2012-09-20,13
539,Gita,F,30,39055,Kathmandu,Sales,2019-01-19,6
540,Devendra,M,40,78764,Bharatpur,Sales,2015-06-23,10
541,Mohan,M,25,140855,Kathmandu,Sales,2014-11-17,11
542,Umesh,M,23,176870,Kathmandu,HR,2012-04-19,13
543,Lokendra,M,21,111393,Dharan,Marketing,2018-11-26,7
544,Tekendra,M,34,76627,Kathmandu,Finance,2012-09-08,13
545,Keshav,M,29,52314,Hetauda,Sales,2017-01-23,8
546,Rabin,M,21,142967,Kathmandu,Sales,2014-08-25,11
547,Kishore,M,29,80125,Kathmandu,Engineering,2012-07-17,13
548,Saroj,M,40,164340,Pokhara,Finance,2017-01-07,8
549,Sushila,F,30,160978,Nepalgunj,Engineering,2010-03-30,15
550,Mohan,M,35,131720,Hetauda,Operations,2014-01-23,11
551,Sunil,M,21,69154,Kathmandu,Finance,2011-04-29,14
552,Kamala,F,43,94805,Kathmandu,HR,2013-07-07,12
553,Kamala,F,32,67418,Biratnagar,Engineering,2010-07-21,15
554,Aarav,M,43,81680,Pokhara,Sales,2016-03-15,9
555,Gopal,M,20,57079,Hetauda,Sales,2013-08-26,12
556,Usha,F,22,147721,Bharatpur,Marketing,2010-04-11,15
557,Laxman,M,32,49200,Kathmandu,Sales,2016-04-11,9
558,Padam,M,44,60514,Pokhara,Sales,2017-08-17,8
559,Rupa,F,32,43729,Lalitpur,Engineering,2017-01-26,8
560,Dhanmaya,F,29,117353,Butwal,Finance,2011-12-03,14
561,Sarita,F,38,131507,Kathmandu,HR,2015-08-20,10
562,Rajendra,M,36,114704,Biratnagar,Engineering,2011-07-25,14
563,Aarti,F,28,153663,Pokhara,Finance,2018-08-31,7
564,Yubaraj,M,40,102396,Birgunj,HR,2018-05-19,7
565,Uttam,M,34,37681,Kathmandu,Finance,2019-04-15,6
566,Priti,F,23,142956,Kathmandu,HR,2018-03-18,7
567,Kishore,M,38,154189,Nepalgunj,Sales,2019-10-06,6
568,Narayan,M,39,64525,Lalitpur,Sales,2014-06-03,11
569,Kamal,M,38,166070,Pokhara,Engineering,2016-11-16,9
570,Bikram,M,37,118289,Pokhara,Engineering,2018-03-02,7
571,Narayan,M,36,57667,Kathmandu,Sales,2019-07-03,6
572,Smriti,F,38,65457,Lalitpur,Engineering,2018-03-17,7
573,Geeta,F,42,86396,Butwal,HR,2017-08-20,8
574,Aarav,M,36,141541,Kathmandu,Engineering,2012-09-20,13
575,Sunil,M,24,76450,Hetauda,Sales,2018-01-18,7
576,Asha,F,36,149072,Pokhara,HR,2018-09-22,7
577,Dipa,F,30,174874,Kathmandu,Sales,2012-09-19,13
578,Laxman,M,37,49143,Kathmandu,Engineering,2014-09-07,11
579,Dipendra,M,31,97381,Pokhara,HR,2013-07-05,12
580,Pratima,F,32,59394,Lalitpur,Marketing,2012-12-11,13
581,Namrata,F,34,126452,Pokhara,Engineering,2015-11-21,10
582,Padam,M,43,64884,Kathmandu,Engineering,2013-11-29,12
583,Ramesh,M,21,67680,Hetauda,Engineering,2015-08-20,10
584,Jitendra,M,25,150550,Kathmandu,Marketing,2018-12-13,7
585,Kamal,M,42,164138,Lalitpur,Engineering,2010-12-10,15
586,Aahana,F,40,121415,Dharan,Sales,2013-06-08,12
587,Padam,M,31,141767,Birgunj,Engineering,2019-10-01,6
588,Lokesh,M,41,140309,Butwal,HR,2016-04-21,9
589,Niranjan,M,41,120434,Pokhara,Finance,2018-11-22,7
590,Shankar,M,26,172806,Kathmandu,HR,2014-02-14,11
591,Aahana,F,34,75593,Butwal,Engineering,2018-11-18,7
592,Kamala,F,42,112049,Butwal,Engineering,2019-08-31,6
593,Yubaraj,M,21,122440,Dharan,Finance,2014-10-20,11
594,Tamara,F,32,99331,Bharatpur,Sales,2015-07-25,10
595,Aakash,M,28,101498,Kathmandu,Operations,2011-03-17,14
596,Sunil,M,27,114190,Hetauda,Sales,2014-10-06,11
597,Kamal,M,36,156688,Dharan,Sales,2015-01-15,10
598,Yubaraj,M,41,51832,Lalitpur,Sales,2014-02-25,11
599,Kamal,M,24,120670,Kathmandu,Engineering,2013-03-24,12
600,Runa,F,43,111043,Kathmandu,Finance,2013-09-30,12
601,Geeta,F,35,88430,Lalitpur,HR,2018-02-03,7
602,Jyoti,F,33,87349,Kathmandu,Finance,2018-10-03,7
603,Mohana,F,43,166022,Butwal,Finance,2016-11-20,9
604,Sunita,F,34,91051,Dharan,Operations,2011-11-28,14
605,Uday,M,22,135356,Pokhara,Engineering,2018-02-07,7
606,Lokesh,M,34,53380,Lalitpur,Sales,2014-03-16,11
607,Narayan,M,43,153700,Pokhara,HR,2019-01-23,6
608,Jyoti,F,24,97931,Birgunj,Operations,2016-05-10,9
609,Ramesh,M,26,127543,Lalitpur,Sales,2015-01-26,10
610,Jaya,F,22,121245,Birgunj,Sales,2013-10-21,12
611,Sagar,M,34,182619,Pokhara,HR,2010-08-23,15
612,Keshav,M,32,84705,Kathmandu,Sales,2010-12-04,15
613,Dhanmaya,F,26,83609,Kathmandu,Finance,2019-03-31,6
614,Apsara,F,27,60049,Biratnagar,Engineering,2011-04-14,14
615,Mina,F,32,52992,Bharatpur,HR,2019-11-18,6
616,Mohan,M,30,70577,Kathmandu,HR,2019-10-06,6
617,Pradeep,M,26,55734,Butwal,Engineering,2015-12-28,10
618,Indra,M,30,78110,Dharan,Engineering,2014-04-15,11
619,Dipa,F,31,91555,Lalitpur,Sales,2018-10-08,7
620,Manisha,F,39,153982,Bharatpur,HR,2010-05-13,15
621,Umesh,M,41,105507,Bharatpur,Engineering,2019-02-04,6
622,Indra,M,40,166059,Biratnagar,Sales,2013-02-19,12
623,Kishore,M,43,70545,Butwal,Sales,2010-03-04,15
624,Sadhana,F,32,73282,Kathmandu,Marketing,2011-05-30,14
625,Shankar,M,35,139141,Butwal,Engineering,2013-06-09,12
626,Chandra,M,31,119688,Pokhara,Finance,2011-02-12,14
627,Apsara,F,30,81408,Dharan,Engineering,2013-02-01,12
628,Suresh,M,30,143397,Lalitpur,Engineering,2018-11-22,7
629,Binay,M,26,102140,Kathmandu,Marketing,2019-05-23,6
630,Deepa,F,36,50636,Pokhara,Finance,2017-02-15,8
631,Binita,F,25,122528,Kathmandu,Operations,2010-11-18,15
632,Bikash,M,24,155076,Pokhara,HR,2013-10-09,12
633,Tara,F,39,161605,Lalitpur,HR,2018-03-03,7
634,Ranjan,M,35,91396,Birgunj,Sales,2014-05-09,11
635,Niranjan,M,21,169303,Kathmandu,Engineering,2016-05-12,9
636,Abha,F,38,69391,Bharatpur,Sales,2014-09-08,11
637,Prakash,M,30,127818,Dharan,Engineering,2017-10-29,8
638,Purna,M,35,87793,Kathmandu,Sales,2013-07-26,12
639,Maya,F,30,98701,Pokhara,Sales,2017-04-29,8
640,Uttam,M,23,162109,Biratnagar,HR,2016-07-30,9
641,Vijay,M,30,78835,Lalitpur,Operations,2017-01-04,8
642,Smriti,F,38,83589,Pokhara,HR,2013-07-04,12
643,Aarti,F,34,144349,Hetauda,Operations,2015-08-03,10
644,Aarav,M,30,115745,Kathmandu,Sales,2011-12-13,14
645,Binod,M,24,143224,Nepalgunj,Marketing,2014-07-05,11
646,Kamal,M,30,52574,Kathmandu,Sales,2013-05-26,12
647,Bimala,F,37,131760,Kathmandu,Engineering,2019-08-21,6
648,Uttam,M,39,185490,Kathmandu,Engineering,2010-08-05,15
649,Ranjan,M,29,96612,Kathmandu,Engineering,2010-05-15,15
650,Suresh,M,28,164399,Kathmandu,Engineering,2017-04-30,8
651,Namrata,F,43,179037,Kathmandu,Operations,2011-12-11,14
652,Jitendra,M,32,136598,Pokhara,HR,2019-02-18,6
653,Indra,M,28,44563,Lalitpur,Finance,2017-10-01,8
654,Purna,M,31,173619,Lalitpur,Sales,2011-05-08,14
655,Nabin,M,36,151278,Pokhara,Operations,2014-12-01,11
656,Tilak,M,34,47802,Hetauda,Engineering,2017-09-28,8
657,Manish,M,29,111441,Kathmandu,Engineering,2017-08-20,8
658,Laxman,M,40,121954,Pokhara,Sales,2010-10-08,15
659,Usha,F,38,97530,Kathmandu,HR,2018-08-08,7
660,Namrata,F,30,79765,Bharatpur,Finance,2016-07-23,9
661,Binay,M,25,87906,Kathmandu,Finance,2016-08-03,9
662,Suresh,M,33,59269,Nepalgunj,Marketing,2013-09-03,12
663,Pradeep,M,32,157521,Birgunj,Marketing,2010-04-02,15
664,Bikash,M,38,85191,Lalitpur,HR,2011-03-07,14
665,Rupa,F,23,134253,Pokhara,Engineering,2016-04-16,9
666,Tilak,M,32,84093,Pokhara,Finance,2013-10-18,12
667,Laxana,F,38,114037,Kathmandu,HR,2015-08-04,10
668,Maya,F,24,85307,Lalitpur,Sales,2018-08-06,7
669,Manish,M,25,138719,Lalitpur,HR,2018-08-26,7
670,Sita,F,34,163345,Bharatpur,Operations,2017-09-20,8
671,Kamala,F,44,152731,Biratnagar,Finance,2018-08-15,7
672,Kamala,F,43,161285,Lalitpur,Sales,2017-11-11,8
673,Lokesh,M,43,59436,Pokhara,Marketing,2014-07-21,11
674,Abha,F,23,90034,Bharatpur,Engineering,2013-10-26,12
675,Chandra,M,33,95893,Pokhara,Engineering,2018-08-10,7
676,Padam,M,24,122887,Lalitpur,Sales,2014-07-30,11
677,Chandra,F,34,169618,Pokhara,Operations,2015-10-22,10
678,Shanti,F,24,74964,Pokhara,Marketing,2012-01-06,13
679,Prema,F,26,106776,Pokhara,Engineering,2010-12-27,15
680,Tekendra,M,41,151168,Bharatpur,Finance,2013-09-23,12
681,Sadhana,F,32,37328,Pokhara,HR,2019-01-08,6
682,Vijay,M,20,97725,Hetauda,Marketing,2018-11-08,7
683,Vijay,M,31,63034,Pokhara,Marketing,2014-10-19,11
684,Ramesh,M,31,90626,Dharan,Engineering,2010-08-06,15
685,Suresh,M,22,145505,Bharatpur,HR,2011-07-03,14
686,Devendra,M,39,122186,Bharatpur,Engineering,2016-01-11,9
687,Sagar,M,23,109732,Kathmandu,Marketing,2015-05-13,10
688,Sagar,M,29,61454,Hetauda,Engineering,2017-05-13,8
689,Mohana,F,24,55616,Bharatpur,Finance,2014-09-11,11
690,Manish,M,44,67832,Kathmandu,Operations,2015-08-22,10
691,Abha,F,41,55691,Butwal,Engineering,2016-08-01,9
692,Laxana,F,26,101143,Biratnagar,Operations,2012-01-05,13
693,Dipa,F,26,71379,Hetauda,Sales,2015-09-26,10
694,Bikash,M,32,162632,Kathmandu,Sales,2017-09-29,8
695,Gita,F,25,78650,Kathmandu,Engineering,2017-03-05,8
696,Kamala,F,30,78748,Pokhara,Engineering,2011-07-08,14
697,Shanti,F,20,56292,Kathmandu,Sales,2018-11-09,7
698,Rupa,F,24,98131,Pokhara,Engineering,2015-04-29,10
699,Sagar,M,42,55430,Bharatpur,Engineering,2015-01-13,10
700,Bikram,M,30,77111,Kathmandu,Finance,2012-01-05,13
701,Laxman,M,20,118641,Kathmandu,Sales,2010-12-14,15
702,Saraswati,F,22,53677,Lalitpur,Sales,2012-08-22,13
703,Hari,M,27,103268,Bharatpur,Sales,2011-08-26,14
704,Gauri,F,38,161433,Lalitpur,Operations,2012-08-28,13
705,Nitish,M,25,123492,Birgunj,Sales,2018-09-28,7
706,Narayan,M,43,125662,Pokhara,HR,2013-03-24,12
707,Abha,F,36,51845,Kathmandu,Engineering,2018-04-17,7
708,Vijay,M,32,64364,Bharatpur,Sales,2013-05-03,12
709,Kalpana,F,28,152670,Kathmandu,HR,2016-09-03,9
710,Narayan,M,35,157302,Lalitpur,HR,2013-05-19,12
711,Indra,M,20,103262,Kathmandu,Sales,2010-06-03,15
712,Yubaraj,M,41,102392,Pokhara,Engineering,2012-06-07,13
713,Bhawana,F,37,132938,Kathmandu,Engineering,2012-08-27,13
714,Ranjan,M,24,123338,Kathmandu,Operations,2013-05-24,12
715,Saraswati,F,34,178276,Kathmandu,Engineering,2010-11-22,15
716,Asha,F,40,151484,Birgunj,Marketing,2016-12-06,9
717,Binita,F,29,182502,Kathmandu,Engineering,2010-11-15,15
718,Purna,M,28,61639,Kathmandu,Sales,2011-08-28,14
719,Chhaya,F,30,57219,Kathmandu,HR,2012-06-30,13
720,Kishore,M,44,133738,Butwal,Finance,2016-02-20,9
721,Aarav,M,25,151492,Birgunj,Finance,2012-01-17,13
722,Nirmala,F,25,79563,Biratnagar,HR,2016-01-05,9
723,Gauri,F,20,48662,Kathmandu,Finance,2017-02-28,8
724,Aahana,F,35,80054,Kathmandu,Engineering,2011-09-02,14
725,Sunil,M,38,84342,Hetauda,Finance,2012-04-28,13
726,Lokendra,M,20,144670,Birgunj,Sales,2017-12-20,8
727,Runa,F,22,128443,Bharatpur,Engineering,2019-11-29,6
728,Sunita,F,43,130848,Butwal,Engineering,2014-10-22,11
729,Prema,F,32,130782,Hetauda,Finance,2019-08-13,6
730,Sunita,F,21,167699,Kathmandu,HR,2015-07-22,10
731,Ramesh,M,32,122114,Biratnagar,Operations,2010-09-02,15
732,Aahana,F,25,177437,Bharatpur,Engineering,2013-05-28,12
733,Dhanmaya,F,39,80556,Kathmandu,Sales,2015-02-25,10
734,Kamala,F,35,70678,Birgunj,Engineering,2016-08-09,9
735,Prema,F,25,77896,Birgunj,Engineering,2015-07-14,10
736,Indra,M,32,68350,Pokhara,Sales,2014-11-18,11
737,Gopal,M,31,117080,Kathmandu,HR,2011-08-04,14
738,Umesh,M,44,80052,Pokhara,Finance,2016-09-10,9
739,Nabin,M,40,151145,Hetauda,Sales,2018-02-21,7
740,Mina,F,33,95959,Kathmandu,Operations,2012-03-23,13
741,Tamara,F,38,105052,Biratnagar,Sales,2014-01-11,11
742,Dhanmaya,F,28,130800,Bharatpur,Engineering,2019-02-03,6
743,Lokendra,M,28,163072,Biratnagar,Engineering,2014-01-10,11
744,Mohana,F,23,109810,Pokhara,Sales,2016-01-30,9
745,Kishore,M,24,159746,Kathmandu,Engineering,2016-10-02,9
746,Devendra,M,31,101464,Kathmandu,Sales,2010-11-16,15
747,Rajendra,M,21,107553,Pokhara,Marketing,2011-02-23,14
748,Padam,M,39,57616,Kathmandu,Engineering,2012-05-17,13
749,Tamara,F,37,183421,Kathmandu,Sales,2011-12-15,14
750,Jyoti,F,26,174184,Kathmandu,HR,2011-02-24,14
751,Sarita,F,40,40716,Nepalgunj,Marketing,2018-06-25,7
752,Sagar,M,44,147611,Butwal,Operations,2012-02-24,13
753,Rabin,M,26,142775,Pokhara,Marketing,2010-12-29,15
754,Apsara,F,31,142860,Lalitpur,Finance,2015-01-26,10
755,Manish,M,24,118512,Pokhara,HR,2017-05-10,8
756,Sagar,M,22,107288,Hetauda,Sales,2012-05-14,13
757,Gopal,M,44,138936,Biratnagar,HR,2017-06-21,8
758,Tilak,M,21,46012,Hetauda,Sales,2018-03-04,7
759,Vijay,M,44,123992,Hetauda,Marketing,2018-03-09,7
760,Umesh,M,41,70304,Kathmandu,Finance,2011-04-17,14
761,Asha,F,44,81527,Kathmandu,Marketing,2015-08-20,10
762,Namrata,F,41,46763,Kathmandu,Engineering,2018-10-26,7
763,Shanti,F,43,86928,Nepalgunj,Marketing,2011-01-08,14
764,Mina,F,44,132899,Hetauda,HR,2014-08-01,11
765,Vijay,M,23,60930,Lalitpur,Sales,2019-12-05,6
766,Asha,F,26,109579,Hetauda,HR,2017-05-29,8
767,Sagar,M,32,88494,Kathmandu,Finance,2014-02-21,11
768,Bikram,M,27,89225,Dharan,Marketing,2013-12-05,12
769,Manish,M,28,69921,Butwal,Sales,2012-07-31,13
770,Tilak,M,33,100294,Kathmandu,HR,2013-09-04,12
771,Narayan,M,20,42285,Nepalgunj,Marketing,2019-08-10,6
772,Priti,F,36,97317,Kathmandu,Sales,2015-07-01,10
773,Pradeep,M,24,68751,Kathmandu,Sales,2016-12-07,9
774,Rupa,F,25,123461,Kathmandu,Engineering,2018-12-17,7
775,Rajendra,M,39,87563,Butwal,Finance,2012-04-26,13
776,Shankar,M,39,125524,Biratnagar,Finance,2013-09-25,12
777,Nabin,M,41,84888,Butwal,Engineering,2016-02-27,9
778,Sita,F,42,182097,Nepalgunj,Sales,2010-06-05,15
779,Laxana,F,44,109366,Pokhara,Engineering,2019-01-02,6
780,Kishore,M,33,59537,Bharatpur,Sales,2014-04-28,11
781,Nabin,M,33,140176,Pokhara,Operations,2018-12-28,7
782,Purna,M,32,53636,Hetauda,Engineering,2012-11-12,13
783,Aarti,F,38,46693,Kathmandu,Engineering,2015-03-01,10
784,Ram,M,24,141815,Birgunj,Engineering,2018-05-11,7
785,Pratima,F,30,135650,Kathmandu,Engineering,2018-05-19,7
786,Ganesh,M,26,38091,Butwal,Finance,2018-12-04,7
787,Narayan,M,35,169571,Kathmandu,Finance,2017-02-26,8
788,Yamuna,F,43,151094,Kathmandu,HR,2013-05-20,12
789,Rajendra,M,41,120981,Pokhara,Finance,2016-12-27,9
790,Shanti,F,32,175243,Kathmandu,Marketing,2013-12-29,12
791,Yubaraj,M,42,51099,Lalitpur,Finance,2013-05-28,12
792,Binay,M,27,171647,Bharatpur,HR,2015-07-31,10
793,Bhawana,F,44,120224,Butwal,Marketing,2017-10-03,8
794,Mohan,M,32,143045,Lalitpur,HR,2013-10-02,12
795,Keshav,M,32,122260,Lalitpur,Engineering,2015-06-07,10
796,Dhanmaya,F,38,72302,Kathmandu,Engineering,2015-07-05,10
797,Manisha,F,30,57020,Biratnagar,Operations,2013-10-29,12
798,Pradeep,M,28,138699,Kathmandu,Sales,2019-11-07,6
799,Yamuna,F,38,58166,Bharatpur,Operations,2015-05-01,10
800,Namrata,F,28,111997,Kathmandu,Operations,2018-08-11,7
801,Uttam,M,22,77387,Pokhara,Marketing,2019-04-14,6
802,Runa,F,43,115106,Pokhara,Engineering,2012-02-17,13
803,Ram,M,36,110980,Hetauda,Engineering,2017-07-06,8
804,Nanda,F,20,137463,Pokhara,Finance,2015-05-31,10
805,Tekendra,M,24,182597,Lalitpur,Marketing,2010-03-30,15
806,Manish,M,32,74688,Kathmandu,Engineering,2012-03-15,13
807,Dawa,M,25,59549,Hetauda,Finance,2015-11-19,10
808,Vijay,M,26,41986,Kathmandu,Engineering,2019-09-11,6
809,Sadhana,F,20,104621,Pokhara,Engineering,2013-08-22,12
810,Priya,F,43,111051,Birgunj,Sales,2015-11-28,10
811,Uttam,M,31,162087,Lalitpur,Sales,2011-05-23,14
812,Abha,F,27,111921,Birgunj,Engineering,2014-12-30,11
813,Maya,F,34,123170,Hetauda,HR,2012-10-11,13
814,Chandra,F,20,72122,Butwal,Engineering,2013-11-02,12
815,Asha,F,39,141239,Bharatpur,Sales,2012-01-07,13
816,Narayan,M,27,152974,Kathmandu,Finance,2014-02-03,11
817,Deepa,F,29,132756,Kathmandu,Engineering,2014-03-23,11
818,Chandra,M,43,153027,Dharan,Engineering,2010-07-27,15
819,Deepak,M,33,157334,Kathmandu,Sales,2013-06-18,12
820,Binita,F,39,80198,Bharatpur,Engineering,2016-07-15,9
821,Laxman,M,20,138568,Pokhara,Engineering,2012-03-23,13
822,Aahana,F,26,132085,Hetauda,Sales,2017-09-14,8
823,Apsara,F,26,125962,Kathmandu,HR,2012-03-14,13
824,Gita,F,42,96876,Kathmandu,Marketing,2015-02-22,10
825,Vijay,M,22,167571,Hetauda,Marketing,2011-12-09,14
826,Kamal,M,42,147958,Kathmandu,Engineering,2014-05-09,11
827,Umesh,M,38,48905,Lalitpur,Engineering,2016-12-03,9
828,Lokesh,M,25,93906,Pokhara,Operations,2016-12-07,9
829,Abha,F,31,170442,Kathmandu,Finance,2016-09-27,9
830,Mohan,M,37,157884,Kathmandu,Operations,2012-12-15,13
831,Pratima,F,37,44998,Pokhara,Engineering,2018-04-04,7
832,Aakash,M,32,106117,Lalitpur,Sales,2014-07-11,11
833,Ganesh,M,27,100908,Butwal,Sales,2012-12-07,13
834,Hari,M,28,163426,Pokhara,Sales,2018-02-11,7
835,Prema,F,42,115932,Butwal,Sales,2012-12-30,13
836,Manisha,F,35,144914,Pokhara,Engineering,2017-02-20,8
837,Yamuna,F,37,63834,Pokhara,HR,2017-05-21,8
838,Indra,M,33,112663,Lalitpur,HR,2012-09-10,13
839,Dipendra,M,26,50298,Pokhara,Sales,2019-12-11,6
840,Aakash,M,27,130132,Kathmandu,Engineering,2014-04-09,11
841,Binay,M,40,52658,Bharatpur,Engineering,2015-01-27,10
842,Bhawana,F,35,135722,Kathmandu,Engineering,2012-05-08,13
843,Aarav,M,24,61315,Lalitpur,Engineering,2013-02-24,12
844,Radha,F,29,115855,Pokhara,Finance,2016-04-27,9
845,Bikash,M,31,140842,Kathmandu,Engineering,2016-02-12,9
846,Ganesh,M,43,55854,Birgunj,HR,2016-04-16,9
847,Uday,M,26,149472,Kathmandu,Engineering,2019-05-23,6
848,Smriti,F,23,37954,Bharatpur,Finance,2018-01-28,7
849,Chandra,F,42,76920,Birgunj,Engineering,2014-06-08,11
850,Deepa,F,24,102487,Hetauda,Engineering,2018-12-16,7
851,Smriti,F,24,54018,Birgunj,Marketing,2013-04-13,12
852,Uttam,M,44,123803,Kathmandu,Finance,2015-03-30,10
853,Ganesh,M,32,58585,Butwal,Sales,2019-06-10,6
854,Bhawana,F,44,57620,Lalitpur,Finance,2011-11-09,14
855,Sarita,F,28,161267,Kathmandu,Engineering,2017-05-19,8
856,Suresh,M,23,68283,Nepalgunj,Operations,2010-03-17,15
857,Purna,M,31,74687,Nepalgunj,Marketing,2018-04-12,7
858,Shankar,M,38,121556,Bharatpur,Engineering,2016-06-23,9
859,Devendra,M,29,123297,Bharatpur,Sales,2014-07-04,11
860,Radha,F,41,96826,Lalitpur,Engineering,2015-05-08,10
861,Dipendra,M,40,74076,Biratnagar,Finance,2017-01-03,8
862,Runa,F,27,166515,Kathmandu,Engineering,2013-10-30,12
863,Bhawana,F,26,134826,Lalitpur,Sales,2017-03-06,8
864,Rajendra,M,29,80096,Kathmandu,Sales,2010-01-11,15
865,Indra,M,28,156653,Hetauda,HR,2018-08-22,7
866,Priti,F,31,151662,Birgunj,Finance,2019-03-06,6
867,Manish,M,32,62564,Hetauda,HR,2017-06-07,8
868,Sunil,M,25,136873,Dharan,Finance,2010-01-01,15
869,Dipa,F,27,122014,Biratnagar,Engineering,2010-07-11,15
870,Priya,F,27,66773,Hetauda,Engineering,2016-03-06,9
871,Dhanmaya,F,21,114817,Lalitpur,Marketing,2010-04-13,15
872,Priya,F,28,66903,Pokhara,Sales,2018-11-19,7
873,Mohana,F,41,78188,Kathmandu,Marketing,2015-05-07,10
874,Loknath,M,44,137077,Bharatpur,Finance,2016-02-15,9
875,Nanda,F,41,182462,Kathmandu,Engineering,2010-01-16,15
876,Mina,F,23,125804,Butwal,HR,2014-03-26,11
877,Nirmala,F,21,83312,Lalitpur,HR,2018-09-01,7
878,Binita,F,27,79174,Lalitpur,HR,2016-06-10,9
879,Runa,F,42,116531,Butwal,HR,2011-08-09,14
880,Laxman,M,25,125659,Kathmandu,Operations,2014-11-11,11
881,Tara,F,42,92761,Lalitpur,Sales,2014-01-19,11
882,Jitendra,M,41,92846,Pokhara,Sales,2016-01-31,9
883,Kamal,M,21,153585,Pokhara,Finance,2014-03-15,11
884,Kamala,F,32,99838,Birgunj,Engineering,2012-10-22,13
885,Laxman,M,30,43645,Butwal,Operations,2017-03-29,8
886,Lokesh,M,23,123834,Kathmandu,HR,2013-02-12,12
887,Gauri,F,20,135164,Nepalgunj,Operations,2012-02-10,13
888,Laxana,F,41,178790,Biratnagar,Engineering,2010-09-28,15
889,Kalpana,F,27,150173,Dharan,Engineering,2017-04-05,8
890,Jyoti,F,31,160236,Birgunj,HR,2013-01-03,12
891,Indra,M,43,155328,Bharatpur,HR,2014-04-18,11
892,Purna,M,37,154346,Bharatpur,Engineering,2013-08-30,12
893,Ganesh,M,22,151148,Lalitpur,HR,2012-12-30,13
894,Kishore,M,30,105051,Kathmandu,HR,2010-05-16,15
895,Kalpana,F,41,101693,Kathmandu,Engineering,2014-06-02,11
896,Shankar,M,41,91093,Butwal,Engineering,2010-02-04,15
897,Sushila,F,35,82660,Lalitpur,Sales,2017-05-31,8
898,Maya,F,35,62056,Kathmandu,Finance,2010-11-13,15
899,Dawa,M,40,118191,Kathmandu,Marketing,2014-02-25,11
900,Kamala,F,23,104101,Pokhara,Engineering,2017-04-01,8
901,Apsara,F,25,117816,Bharatpur,Marketing,2011-12-24,14
902,Bimala,F,35,91122,Birgunj,Marketing,2012-07-02,13
903,Shankar,M,44,91646,Hetauda,Sales,2018-12-14,7
904,Sadhana,F,30,142438,Kathmandu,Finance,2012-12-30,13
905,Indra,M,39,163550,Lalitpur,Marketing,2011-01-09,14
906,Uday,M,40,173932,Kathmandu,Engineering,2010-02-16,15
907,Apsara,F,27,179432,Pokhara,Operations,2011-02-25,14
908,Gauri,F,23,98790,Kathmandu,Engineering,2010-03-27,15
909,Shankar,M,26,136595,Kathmandu,Engineering,2012-08-16,13
910,Apsara,F,33,110898,Kathmandu,Marketing,2016-11-29,9
911,Chandra,F,24,143755,Kathmandu,Engineering,2013-05-30,12
912,Maya,F,23,158941,Bharatpur,Operations,2015-10-31,10
913,Purna,M,23,70886,Pokhara,Finance,2017-07-26,8
914,Gauri,F,25,178873,Pokhara,Engineering,2010-11-27,15
915,Yubaraj,M,42,54540,Kathmandu,Engineering,2015-05-11,10
916,Deepa,F,24,56309,Biratnagar,Finance,2015-07-12,10
917,Deepa,F,30,168671,Pokhara,Engineering,2011-12-02,14
918,Laxman,M,30,81204,Bharatpur,Sales,2016-07-15,9
919,Sagar,M,40,51741,Bharatpur,Marketing,2018-02-25,7
920,Gita,F,39,61545,Lalitpur,Engineering,2019-09-21,6
921,Aahana,F,43,78473,Kathmandu,Operations,2018-11-23,7
922,Saraswati,F,21,173206,Biratnagar,HR,2014-09-05,11
923,Binita,F,42,116851,Bharatpur,Engineering,2016-01-28,9
924,Aarti,F,37,136048,Kathmandu,Engineering,2013-12-19,12
925,Jitendra,M,42,113364,Biratnagar,Finance,2011-05-27,14
926,Loknath,M,23,145577,Pokhara,HR,2017-09-01,8
927,Apsara,F,23,138818,Pokhara,HR,2019-11-04,6
928,Nabin,M,21,142923,Birgunj,Engineering,2014-03-05,11
929,Manish,M,43,146560,Butwal,Marketing,2018-08-22,7
930,Bikram,M,24,180309,Kathmandu,Operations,2012-12-31,13
931,Ram,M,38,117921,Lalitpur,Marketing,2013-10-03,12
932,Hari,M,24,94341,Kathmandu,Finance,2019-04-15,6
933,Sadhana,F,36,160297,Dharan,Engineering,2012-03-10,13
934,Bhawana,F,36,64034,Pokhara,HR,2018-03-17,7
935,Sushila,F,42,72114,Dharan,Engineering,2017-08-29,8
936,Bimala,F,43,108467,Kathmandu,Sales,2014-11-11,11
937,Ramesh,M,35,96688,Nepalgunj,Operations,2015-02-03,10
938,Pradeep,M,23,100581,Pokhara,Engineering,2016-11-03,9
939,Tekendra,M,25,89088,Kathmandu,Finance,2016-09-16,9
940,Uttam,M,44,64902,Pokhara,HR,2018-09-25,7
941,Bikram,M,30,107385,Kathmandu,Finance,2010-03-01,15
942,Binay,M,34,94057,Nepalgunj,HR,2019-04-05,6
943,Dhanmaya,F,42,146469,Bharatpur,Engineering,2016-12-20,9
944,Rajendra,M,22,159169,Dharan,Sales,2011-09-01,14
945,Binita,F,30,129555,Butwal,Sales,2012-05-28,13
946,Tilak,M,42,97556,Kathmandu,HR,2012-11-19,13
947,Sarita,F,41,47537,Nepalgunj,Engineering,2019-03-20,6
948,Kamal,M,43,177194,Pokhara,Sales,2014-11-24,11
949,Kishore,M,44,156126,Kathmandu,Engineering,2017-01-24,8
950,Bikram,M,20,158486,Bharatpur,Marketing,2011-04-14,14
951,Namrata,F,40,92621,Kathmandu,Finance,2016-04-19,9
952,Geeta,F,34,116706,Pokhara,Marketing,2012-03-22,13
953,Aarti,F,29,65110,Kathmandu,Operations,2010-12-08,15
954,Laxana,F,30,49043,Pokhara,Sales,2019-12-10,6
955,Nanda,F,25,142984,Pokhara,Engineering,2019-04-11,6
956,Mohana,F,33,159290,Pokhara,HR,2010-01-24,15
957,Mohana,F,23,100343,Lalitpur,Sales,2017-02-20,8
958,Mina,F,22,161981,Kathmandu,Finance,2013-01-23,12
959,Maya,F,29,74279,Bharatpur,Finance,2016-05-01,9
960,Deepa,F,34,142013,Dharan,HR,2015-12-06,10
961,Jitendra,M,43,147680,Kathmandu,Sales,2017-07-22,8
962,Binita,F,28,131693,Kathmandu,Sales,2015-06-01,10
963,Chandra,M,22,155493,Pokhara,Engineering,2013-10-05,12
964,Bikash,M,40,129658,Hetauda,Finance,2013-02-02,12
965,Yamuna,F,25,141536,Butwal,Marketing,2014-12-16,11
966,Kamala,F,42,148689,Nepalgunj,Operations,2019-05-16,6
967,Narayan,M,36,172837,Lalitpur,Engineering,2011-02-05,14
968,Padam,M,41,157663,Dharan,Operations,2017-12-26,8
969,Keshav,M,40,105983,Birgunj,Sales,2010-04-20,15
970,Prema,F,31,79328,Nepalgunj,Finance,2012-10-11,13
971,Jyoti,F,38,160491,Kathmandu,Sales,2017-08-28,8
972,Indra,M,23,154329,Kathmandu,Marketing,2019-04-08,6
973,Chhaya,F,42,162636,Bharatpur,Finance,2019-11-19,6
974,Mohana,F,38,80500,Birgunj,Finance,2011-09-04,14
975,Tilak,M,39,114189,Lalitpur,Marketing,2019-03-24,6
976,Apsara,F,27,165125,Kathmandu,Engineering,2013-02-22,12
977,Aahana,F,33,110508,Kathmandu,Marketing,2011-05-10,14
978,Tamara,F,44,103584,Bharatpur,Engineering,2010-08-15,15
979,Priya,F,42,90500,Birgunj,Engineering,2012-08-02,13
980,Radha,F,32,125355,Hetauda,Engineering,2014-03-13,11
981,Yubaraj,M,42,134444,Butwal,Marketing,2012-06-01,13
982,Sadhana,F,28,117606,Bharatpur,HR,2010-01-30,15
983,Uttam,M,28,55206,Kathmandu,Finance,2011-11-26,14
984,Devendra,M,42,70918,Hetauda,Finance,2011-01-20,14
985,Laxmi,F,38,156426,Lalitpur,Sales,2013-04-29,12
986,Ganesh,M,30,164723,Dharan,Engineering,2017-03-28,8
987,Devendra,M,34,58084,Pokhara,Operations,2010-08-06,15
988,Padam,M,26,59746,Bharatpur,Finance,2017-09-17,8
989,Uday,M,41,148701,Bharatpur,Marketing,2019-04-10,6
990,Aarti,F,32,140739,Kathmandu,Sales,2018-06-14,7
991,Sushila,F,32,168097,Kathmandu,Sales,2011-02-18,14
992,Kishore,M,27,168626,Kathmandu,Sales,2017-03-15,8
993,Abha,F,38,118262,Kathmandu,Finance,2016-04-25,9
994,Dipendra,M,36,136092,Pokhara,Engineering,2017-08-11,8
995,Indra,M,38,128317,Kathmandu,Marketing,2016-03-03,9
996,Saraswati,F,28,68492,Kathmandu,Finance,2012-04-10,13
997,Yamuna,F,23,100536,Hetauda,HR,2010-04-07,15
998,Deepa,F,24,171417,Biratnagar,Sales,2012-10-30,13
999,Jaya,F,42,58949,Kathmandu,Engineering,2019-08-06,6
1000,Kamala,F,28,160480,Kathmandu,Marketing,2016-12-06,9
